<?xml version="1.0" encoding="UTF-8"?>
<project-private xmlns="http://www.netbeans.org/ns/project-private/1">
    <editor-bookmarks xmlns="http://www.netbeans.org/ns/editor-bookmarks/2" lastBookmarkId="0"/>
    <open-files xmlns="http://www.netbeans.org/ns/projectui-open-files/2">
        <group>
            <file>file:/C:/Users/LaLa/Documents/NetBeansProjects/Billing/src/billing/pan_client.java</file>
            <file>file:/C:/Users/LaLa/Documents/NetBeansProjects/Billing/src/billing/pan_admin.java</file>
            <file>file:/C:/Users/LaLa/Documents/NetBeansProjects/Billing/src/billing/Billing.java</file>
            <file>file:/C:/Users/LaLa/Documents/NetBeansProjects/Billing/src/billing/pan_login.java</file>
        </group>
    </open-files>
</project-private>
